Player,Nation,Pos,Age,MP,Starts,Min,90s,Gls,Ast,G+A,G-PK,PK,PKatt,CrdY,CrdR
Mateus Fernandes,POR,MF,20,36,34,2909,32.3,2,4,6,2,0,0,8,0
Kyle Walker-Peters,ENG,DF,27,33,33,2918,32.4,0,2,2,0,0,0,5,0
Taylor Harwood-Bellis,ENG,DF,22,34,32,2825,31.4,1,0,1,1,0,0,9,0
Aaron Ramsdale,ENG,GK,26,30,30,2700,30.0,0,0,0,0,0,0,2,0
Jan Bednarek,POL,DF,28,30,30,2531,28.1,2,0,2,2,0,0,7,0
Flynn Downes,ENG,MF,25,27,25,2151,23.9,1,0,1,1,0,0,12,0
Joe Aribo,NGA,"MF,DF",28,32,21,2013,22.4,3,0,3,3,0,0,1,0
Tyler Dibling,ENG,"FW,MF",18,33,20,1874,20.8,2,0,2,2,0,0,6,0
Lesley Ugochukwu,FRA,MF,20,26,18,1655,18.4,1,1,2,1,0,0,7,0
Ryan Manning,IRL,"DF,MF",28,24,18,1462,16.2,0,1,1,0,0,0,2,0
Kamaldeen Sulemana,GHA,"FW,MF",22,26,17,1402,15.6,1,1,2,1,0,0,2,0
Jack Stephens,ENG,DF,30,19,17,1389,15.4,1,0,1,1,0,0,2,2
Yukinari Sugawara,JPN,"DF,MF",24,30,16,1557,17.3,1,1,2,1,0,0,4,0
Adam Armstrong,ENG,"FW,MF",27,20,15,1248,13.9,2,2,4,2,0,1,4,0
Cameron Archer,ENG,FW,23,35,13,1441,16.0,2,0,2,2,0,1,0,0
James Bree,ENG,DF,26,17,13,1075,11.9,0,1,1,0,0,0,0,0
Paul Onuachu,NGA,FW,30,25,11,1050,11.7,4,1,5,4,0,0,4,0
Nathan Wood-Gordon,ENG,DF,22,11,9,773,8.6,0,0,0,0,0,0,2,0
William Smallbone,IRL,MF,24,18,6,690,7.7,1,0,1,1,0,0,1,0
Welington,BRA,DF,23,10,6,482,5.4,0,0,0,0,0,0,1,0
Alex McCarthy,ENG,GK,34,5,5,450,5.0,0,0,0,0,0,0,0,0
Adam Lallana,ENG,MF,36,14,5,361,4.0,0,2,2,0,0,0,4,0
Ben Brereton,CHI,FW,25,10,4,449,5.0,0,0,0,0,0,0,1,0
Ross Stewart,SCO,FW,28,12,4,389,4.3,1,0,1,1,0,0,1,0
Ryan Fraser,SCO,"FW,DF",30,8,4,306,3.4,0,0,0,0,0,0,0,1
Charlie Taylor,ENG,DF,30,8,3,356,4.0,0,0,0,0,0,0,1,0
Joe Lumley,ENG,GK,29,3,3,270,3.0,0,0,0,0,0,0,0,0
Armel Bella Kotchap,GER,DF,22,4,2,331,3.7,0,0,0,0,0,0,0,0
Albert Gr√∏nbaek,DEN,"FW,MF",23,4,2,143,1.6,0,0,0,0,0,0,0,0
Jay Robinson,ENG,"MF,FW",17,4,1,137,1.5,0,0,0,0,0,0,0,0
Maxwel Cornet,CIV,FW,27,2,1,72,0.8,0,0,0,0,0,0,1,0
Samuel Edozie,ENG,"DF,FW",21,2,0,65,0.7,0,0,0,0,0,0,1,0
Samuel Amo-Ameyaw,ENG,"FW,DF",18,2,0,28,0.3,0,0,0,0,0,0,1,0
Joachim Kayi Sanda,FRA,DF,17,2,0,14,0.2,0,0,0,0,0,0,0,0
Ronnie Edwards,ENG,DF,21,1,0,12,0.1,0,0,0,0,0,0,0,0
Carlos Alcaraz,ARG,MF,21,1,0,10,0.1,0,0,0,0,0,0,0,0
